class,name,nickname,category,subcategory,project,project_dir,source,guid,kind,exposure,obsolete,current_icon,icon_holder,object,op,plural,container,glyph_origin,badge_origin,rule,note,icon_id,resource,icon_file,status
TopologyAnalyze,Topology.Analyze,Topology.Analyze,SAM,Topologic,SAM.Analytical.Grasshopper.Topologic,Grasshopper/SAM.Analytical.Grasshopper.Topologic,Grasshopper/SAM.Analytical.Grasshopper.Topologic/Component/TopologyAnalyze.cs,98b4ca69-28ef-4a34-932b-0733c7a59e43,component,,False,SAM_Topologic3a,Resources,cellComplex,analyse,False,,SAM-BIM ext v1,SAM,override,,cellComplex_analyse,SAM_GH_CellComplexAnalyse,svg/cellComplex_analyse.svg,integrated
CellComplexByCells,CellComplex.ByCells,CellComplex.ByCells,SAM,Topologic,SAM.Analytical.Grasshopper.Topologic,Grasshopper/SAM.Analytical.Grasshopper.Topologic,Grasshopper/SAM.Analytical.Grasshopper.Topologic/Component/CellComplexByCells.cs,b59073da-e1e1-4d7e-bc60-fdfe5bf2b924,component,,False,SAM_Topologic3a,Resources,cellComplex,create,False,,SAM-BIM ext v1,SAM,override,,cellComplex_create,SAM_GH_CellComplexCreate,svg/cellComplex_create.svg,integrated
CreateSAMAdjacencyCluster,Create.SAMAdjacencyCluster,Create.SAMAdjacencyCluster,SAM,Topologic,SAM.Analytical.Grasshopper.Topologic,Grasshopper/SAM.Analytical.Grasshopper.Topologic,Grasshopper/SAM.Analytical.Grasshopper.Topologic/Component/CreateSAMAdjacencyCluster_Obsolete.cs,a90bbb0c-ed58-44a0-99d9-4c3505bb282a,component,GH_Exposure.tertiary | GH_Exposure.hidden,True,SAM_Topologic3a,Resources,cluster,create,False,,SAM,SAM,rule,,cluster_create,SAM_GH_ClusterCreate,svg/cluster_create.svg,integrated
CreateSAMAdjacencyCluster,Create.SAMAdjacencyCluster,Create.SAMAdjacencyCluster,SAM,Topologic,SAM.Analytical.Grasshopper.Topologic,Grasshopper/SAM.Analytical.Grasshopper.Topologic,Grasshopper/SAM.Analytical.Grasshopper.Topologic/Component/CreateSAMAdjacencyCluster.cs,aa942ea4-aa3d-48ee-a56c-3cb3e8be51ea,component,,False,SAM_Topologic3a,Resources,cluster,create,False,,SAM,SAM,rule,,cluster_create,SAM_GH_ClusterCreate,svg/cluster_create.svg,integrated
CreateSAMAdjacencyClusterByCellComplex,Create.SAMAdjacencyClusterByCellComplex,Create.SAMAdjacencyClusterByCellComplex,SAM,Topologic,SAM.Analytical.Grasshopper.Topologic,Grasshopper/SAM.Analytical.Grasshopper.Topologic,Grasshopper/SAM.Analytical.Grasshopper.Topologic/Component/CreateSAMAdjacencyClusterByComplexCell.cs,870f9db6-cede-456a-9e25-5d39646a0620,component,,False,SAM_Topologic3a,Resources,cluster,create,False,,SAM,SAM,rule,,cluster_create,SAM_GH_ClusterCreate,svg/cluster_create.svg,integrated
TopologyAdjacencies,Topology.Adjacencies,Topology.Adjacencies,SAM,Topologic,SAM.Analytical.Grasshopper.Topologic,Grasshopper/SAM.Analytical.Grasshopper.Topologic,Grasshopper/SAM.Analytical.Grasshopper.Topologic/Component/TopologyAdjacencies.cs,a4a56d41-a2b2-4484-b8d9-787b5beedeb8,component,,False,SAM_Topologic3a,Resources,cluster,get,False,,SAM,SAM,override,adjacency list,cluster_get,SAM_GH_ClusterGet,svg/cluster_get.svg,integrated
CellComplexFaces,CellComplex.Faces,CellComplex.Faces,SAM,Topologic,SAM.Analytical.Grasshopper.Topologic,Grasshopper/SAM.Analytical.Grasshopper.Topologic,Grasshopper/SAM.Analytical.Grasshopper.Topologic/Component/CellComplexFaces.cs,61bae85d-4947-4f8a-90df-64d2a008c2cc,component,,False,SAM_Topologic3a,Resources,face,get,True,,SAM,SAM,override,,face_plural_get,SAM_GH_FacePluralGet,svg/face_plural_get.svg,integrated
SAMAnalyticalTopology,SAMAnalytical.Topology,SAMAnalytical.Topology,SAM,Topologic,SAM.Analytical.Grasshopper.Topologic,Grasshopper/SAM.Analytical.Grasshopper.Topologic,Grasshopper/SAM.Analytical.Grasshopper.Topologic/Component/SAMAnalyticalTopology.cs,d3dc979f-71b4-444d-8b75-9c29d1f7e769,component,,False,SAM_Topologic3a,Resources,object,export,False,,SAM,SAM,override,,object_export,SAM_GH_ObjectExport,svg/object_export.svg,integrated
GeometryTopology,Geometry.Topology,Geometry.Topology,SAM,Topologic,SAM.Geometry.Grasshopper.Topologic,Grasshopper/SAM.Geometry.Grasshopper.Topologic,Grasshopper/SAM.Geometry.Grasshopper.Topologic/Component/GeometryTopology.cs,1c98cd19-b430-48e5-a626-4d103df4fe1c,component,,False,SAM_Topologic3a,Resources,cellComplex,convert,False,,SAM-BIM ext v1,SAM,override,Rhino -> Topologic,cellComplex_convert,SAM_GH_CellComplexConvert,svg/cellComplex_convert.svg,integrated
TopologyCreateCluster,Topology.CreateCluster,Topology.CreateCluster,SAM,Topologic,SAM.Geometry.Grasshopper.Topologic,Grasshopper/SAM.Geometry.Grasshopper.Topologic,Grasshopper/SAM.Geometry.Grasshopper.Topologic/Component/TopologyCreateCluster.cs,ce4ab187-beba-44cf-b9e5-930e44782fa1,component,,False,SAM_Topologic3a,Resources,cellComplex,create,True,,SAM-BIM ext v1,SAM,override,,cellComplex_plural_create,SAM_GH_CellComplexPluralCreate,svg/cellComplex_plural_create.svg,integrated
TopologyFacesCellComplex,Topology.FacesCellComplex,Topology.FacesCellComplex,SAM,Topologic,SAM.Geometry.Grasshopper.Topologic,Grasshopper/SAM.Geometry.Grasshopper.Topologic,Grasshopper/SAM.Geometry.Grasshopper.Topologic/Component/TopologyFacesCellComplex.cs,6ce7b31d-ba55-4e37-9ef8-967f2040e11a,component,,False,SAM_Topologic3a,Resources,cellComplex,create,False,,SAM-BIM ext v1,SAM,override,,cellComplex_create,SAM_GH_CellComplexCreate,svg/cellComplex_create.svg,integrated
TopologyInspect,Topology.Inspect,Topologic.Inspect,SAM,Topologic,SAM.Geometry.Grasshopper.Topologic,Grasshopper/SAM.Geometry.Grasshopper.Topologic,Grasshopper/SAM.Geometry.Grasshopper.Topologic/Component/TopologyInspect.cs,7aff072b-fe18-4ea3-8f2a-b64bc1cac958,component,,False,SAM_Topologic3a,Resources,cellComplex,inspect,False,,SAM-BIM ext v1,SAM,override,,cellComplex_inspect,SAM_GH_CellComplexInspect,svg/cellComplex_inspect.svg,integrated
TopologySlice,Topology.Slice,Topology.Slice,SAM,Topologic,SAM.Geometry.Grasshopper.Topologic,Grasshopper/SAM.Geometry.Grasshopper.Topologic,Grasshopper/SAM.Geometry.Grasshopper.Topologic/Component/TopologySlice.cs,d6480664-06b2-4e0c-839c-d21f8da9fa3c,component,,False,SAM_Topologic3a,Resources,cellComplex,split,False,,SAM-BIM ext v1,SAM,override,,cellComplex_split,SAM_GH_CellComplexSplit,svg/cellComplex_split.svg,integrated
TopologyCellContains,Topology.CellContains,Topology.CellContains,SAM,Topologic,SAM.Geometry.Grasshopper.Topologic,Grasshopper/SAM.Geometry.Grasshopper.Topologic,Grasshopper/SAM.Geometry.Grasshopper.Topologic/Component/TopologyCellContains.cs,1c6c3645-52b9-4d10-acf4-5b79d4351d88,component,,False,SAM_Topologic3a,Resources,cellComplex,validate,False,,SAM-BIM ext v1,SAM,override,,cellComplex_validate,SAM_GH_CellComplexValidate,svg/cellComplex_validate.svg,integrated
TopologyTriangulate,Topology.Triangulate,Topology.Triangulate,SAM,Topologic,SAM.Geometry.Grasshopper.Topologic,Grasshopper/SAM.Geometry.Grasshopper.Topologic,Grasshopper/SAM.Geometry.Grasshopper.Topologic/Component/TopologyTriangulate.cs,6f863686-1a99-46f7-af45-7bca77137366,component,,False,SAM_Topologic3a,Resources,face,triangulate,False,,SAM,SAM,override,,face_triangulate,SAM_GH_FaceTriangulate,svg/face_triangulate.svg,integrated
TopologyGeometry,Topology.Geometry,Topology.Geometry,SAM,Topologic,SAM.Geometry.Grasshopper.Topologic,Grasshopper/SAM.Geometry.Grasshopper.Topologic,Grasshopper/SAM.Geometry.Grasshopper.Topologic/Component/TopologyGeometry.cs,247cdc4d-ebe1-4083-a150-b412bcc31412,component,,False,SAM_Topologic3a,Resources,geometry,convert,False,,SAM,SAM,override,Topologic -> Rhino,geometry_convert,SAM_GH_GeometryConvert,svg/geometry_convert.svg,integrated
SAMGeometryTopology,SAMGeometry.Topology,SAMGeometry.Topology,SAM,Topologic,SAM.Geometry.Grasshopper.Topologic,Grasshopper/SAM.Geometry.Grasshopper.Topologic,Grasshopper/SAM.Geometry.Grasshopper.Topologic/Component/SAMGeometryTopology.cs,8904de02-93b6-4d21-8d04-2ee1acb1e53c,component,,False,SAM_Topologic3a,Resources,geometry,export,False,,SAM,SAM,override,,geometry_export,SAM_GH_GeometryExport,svg/geometry_export.svg,integrated
TopologySAMGeometry,Topology.SAMGeometry,Topology.SAMGeometry,SAM,Topologic,SAM.Geometry.Grasshopper.Topologic,Grasshopper/SAM.Geometry.Grasshopper.Topologic,Grasshopper/SAM.Geometry.Grasshopper.Topologic/Component/TopologySAMGeometry.cs,0fca6d19-95ee-4461-9be1-ab784aa800db,component,,False,SAM_Topologic3a,Resources,geometry,import,False,,SAM,SAM,override,,geometry_import,SAM_GH_GeometryImport,svg/geometry_import.svg,integrated
TopologyCenterOfMass,Topology.CenterOfMass,Topology.CenterOfMass,SAM,Topologic,SAM.Geometry.Grasshopper.Topologic,Grasshopper/SAM.Geometry.Grasshopper.Topologic,Grasshopper/SAM.Geometry.Grasshopper.Topologic/Component/TopologyCenterOfMass.cs,e8f8cbba-d3dd-467e-adef-e23b86bcfd9e,component,,False,SAM_Topologic3a,Resources,points,calculate,False,,SAM,SAM,override,,points_calculate,SAM_GH_PointsCalculate,svg/points_calculate.svg,integrated
TopologyCentroid,Topology.Centroid,Topology.Centroid,SAM,Topologic,SAM.Geometry.Grasshopper.Topologic,Grasshopper/SAM.Geometry.Grasshopper.Topologic,Grasshopper/SAM.Geometry.Grasshopper.Topologic/Component/TopologyCentroid.cs,70fb600f-e365-4e40-8033-c8352f6643b4,component,,False,SAM_Topologic3a,Resources,points,get,False,,SAM,SAM,override,,points_get,SAM_GH_PointsGet,svg/points_get.svg,integrated
SAMGeometryCreateShells,SAMGeometry.CreateShells,SAMGeometry.CreateShells,SAM,Topologic,SAM.Geometry.Grasshopper.Topologic,Grasshopper/SAM.Geometry.Grasshopper.Topologic,Grasshopper/SAM.Geometry.Grasshopper.Topologic/Component/SAMGeometryCreateShells.cs,8c9e2d12-4ba3-4f7b-b3e4-c427df372e90,component,GH_Exposure.primary,False,SAM_Topologic3a,Resources,shell,create,True,,SAM,SAM,rule,,shell_plural_create,SAM_GH_ShellPluralCreate,svg/shell_plural_create.svg,integrated
SAMGeometryShellsSplit,SAMShells.Split,SAMShells.Split,SAM,Topologic,SAM.Geometry.Grasshopper.Topologic,Grasshopper/SAM.Geometry.Grasshopper.Topologic,Grasshopper/SAM.Geometry.Grasshopper.Topologic/Component/SAMGeometryShellsSplit.cs,bf35058e-3bd9-4bf9-9d50-6e81ef72a599,component,GH_Exposure.primary,False,SAM_Topologic3a,Resources,shell,split,False,,SAM,SAM,override,,shell_split,SAM_GH_ShellSplit,svg/shell_split.svg,integrated
